{"cameraMode":{"drawMode":0,"name":"Shaded","section":"Shading Mode"},"sceneLighting":false,"audioPlay":false,"sceneViewState":{"showFog":true,"showMaterialUpdate":false,"showSkybox":true,"showFlares":true,"showImageEffects":true,"showParticleSystems":true},"in2DMode":false,"pivot":{"x":-75.0888671875,"y":7.90654182434082,"z":22.77086067199707},"rotation":{"x":0.32922840118408205,"y":-0.2854090631008148,"z":0.10511365532875061,"w":0.8939247727394104},"size":37.416744232177737,"orthographic":false}