{"cameraMode":{"drawMode":0,"name":"Shaded","section":"Shading Mode"},"sceneLighting":true,"audioPlay":false,"sceneViewState":{"showFog":true,"showMaterialUpdate":false,"showSkybox":true,"showFlares":true,"showImageEffects":true,"showParticleSystems":true},"in2DMode":false,"pivot":{"x":-46.23873519897461,"y":-145.832763671875,"z":100.15556335449219},"rotation":{"x":-0.4832819700241089,"y":0.003179823514074087,"z":-0.0017539378022775055,"w":-0.875457227230072},"size":256.216796875,"orthographic":false}