{"cameraMode":{"drawMode":0,"name":"Shaded","section":"Shading Mode"},"sceneLighting":false,"audioPlay":false,"sceneViewState":{"showFog":true,"showMaterialUpdate":false,"showSkybox":true,"showFlares":true,"showImageEffects":true,"showParticleSystems":true},"in2DMode":false,"pivot":{"x":-74.94786834716797,"y":-15.915139198303223,"z":15.585638999938965},"rotation":{"x":-0.32930561900138857,"y":0.10850898176431656,"z":-0.03812431916594505,"w":-0.9371927380561829},"size":45.84706115722656,"orthographic":false}