{"cameraMode":{"drawMode":0,"name":"Shaded","section":"Shading Mode"},"sceneLighting":false,"audioPlay":false,"sceneViewState":{"showFog":true,"showMaterialUpdate":false,"showSkybox":true,"showFlares":true,"showImageEffects":true,"showParticleSystems":true},"in2DMode":false,"pivot":{"x":-64.99069213867188,"y":8.328429222106934,"z":36.54108428955078},"rotation":{"x":0.32922840118408205,"y":-0.2854090631008148,"z":0.10511365532875061,"w":0.8939247727394104},"size":19.130807876586915,"orthographic":false}