{"cameraMode":{"drawMode":0,"name":"Shaded","section":"Shading Mode"},"sceneLighting":false,"audioPlay":false,"sceneViewState":{"showFog":true,"showMaterialUpdate":false,"showSkybox":true,"showFlares":true,"showImageEffects":true,"showParticleSystems":true},"in2DMode":false,"pivot":{"x":-89.88274383544922,"y":7.56597900390625,"z":23.14297103881836},"rotation":{"x":0.025003431364893915,"y":-0.6624218821525574,"z":0.022128600627183915,"w":0.7483865022659302},"size":17.109697341918947,"orthographic":false}