{"cameraMode":{"drawMode":0,"name":"Shaded","section":"Shading Mode"},"sceneLighting":false,"audioPlay":false,"sceneViewState":{"showFog":true,"showMaterialUpdate":false,"showSkybox":true,"showFlares":true,"showImageEffects":true,"showParticleSystems":true},"in2DMode":false,"pivot":{"x":-0.19849997758865357,"y":3.31499981880188,"z":-1.1145000457763672},"rotation":{"x":0.006466388702392578,"y":-0.9354269504547119,"z":0.017133669927716256,"w":0.3530455231666565},"size":5.175185680389404,"orthographic":false}